precision_mean,precision_median,recall_mean,recall_median,n_rows
0.9460856720827179,1.0,0.8654384592457065,0.9221698113207547,9963
