recall,count
-1.0,485
0.0,511
0.2,1
0.4,3
0.5,12
0.6000000000000001,26
0.7000000000000001,217
0.8,2099
0.9,6609
